<?xml version="1.0" encoding="UTF-8"?>

<!-- For assistance related to logback-translator or configuration -->
<!-- files in general, please contact the logback user mailing list -->
<!-- at http://www.qos.ch/mailman/listinfo/logback-user -->
<!-- -->
<!-- For professional support please see -->
<!-- http://www.qos.ch/shop/products/professionalSupport -->
<!-- -->
<configuration debug="true">

  
    <property resource="ticketmaster_env.properties" />

	<appender name="STDOUT" class="ch.qos.logback.core.ConsoleAppender">
		<encoder>
			<pattern>%d [%t] %-5p %c - %m%n</pattern>
		</encoder>
	</appender>

	<appender name="A1"
		class="ch.qos.logback.core.rolling.RollingFileAppender">
		<file>${LOG_FILE_LOCATION}</file>
		<rollingPolicy class="ch.qos.logback.core.rolling.FixedWindowRollingPolicy">
			<fileNamePattern>${LOG_FILE_LOCATION}%i</fileNamePattern>
			<minIndex>1</minIndex>
			<maxIndex>9</maxIndex>
		</rollingPolicy>

		<triggeringPolicy
			class="ch.qos.logback.core.rolling.SizeBasedTriggeringPolicy">
			<maxFileSize>10MB</maxFileSize>
		</triggeringPolicy>
		<encoder>
			<pattern>%date ${SERVER_NAME} %-5level [%thread] %logger - %message%n</pattern>
		</encoder>
	</appender>
	
	
	<logger name="org.springframework" level="WARN" />	
	<logger name="org.apache.commons" level="ERROR"/> 

	<root level="${LOG_LEVEL}">
		<appender-ref ref="A1" />
	</root>


</configuration>
