<beans xmlns="http://www.springframework.org/schema/beans"
    xmlns:xsi="http://www.w3.org/2001/XMLSchema-instance" xmlns:context="http://www.springframework.org/schema/context"
    xmlns:mvc="http://www.springframework.org/schema/mvc"
    xsi:schemaLocation="http://www.springframework.org/schema/beans http://www.springframework.org/schema/beans/spring-beans.xsd
    http://www.springframework.org/schema/context http://www.springframework.org/schema/context/spring-context.xsd
    http://www.springframework.org/schema/mvc http://www.springframework.org/schema/mvc/spring-mvc.xsd">
 
    <context:component-scan base-package="com.wmt.hmwork.controller,com.wmt.hmwork.service,com.wmt.hmwork.service.impl" />
   	<mvc:annotation-driven>
		<mvc:message-converters> 	
  			<bean class="org.springframework.http.converter.json.MappingJackson2HttpMessageConverter">
            	<property name="objectMapper">
                	<bean class="com.fasterxml.jackson.databind.ObjectMapper">
                    	<property name="serializationInclusion">
                        	<value type="com.fasterxml.jackson.annotation.JsonInclude.Include">NON_NULL</value>
                    	</property>
                	</bean>
            	</property>
        	</bean>
	    </mvc:message-converters>	    
	</mvc:annotation-driven>
     

 
</beans>